,outlier_count,lower_bound,upper_bound
course_load,0.0,0.0,8.0
study_hours_weekly,3.0,-1.2499999999999982,31.15
gpa,10.0,1.5799999999999998,3.9800000000000004
attendance_pct,10.0,45.750000000000014,110.14999999999999
commute_minutes,7.0,-7.0,57.0
